Report Date,HE (Peak),Total Expected Internal Supply (MW),"Import Capacity from BC,SK and MATL (MW)",AIL Load + Operating Reserves (MW),Surplus (MW)
2021-05-17,17,11750,1053,10679,2124
2021-05-18,17,12289,1053,10357,2985
2021-05-19,17,12593,1053,10270,3376
2021-05-20,12,12464,1053,10317,3200
2021-05-21,12,12464,1053,10323,3194
2021-05-22,12,11904,1053,9799,3158
2021-05-23,18,12038,1053,9791,3300
2021-05-24,18,12439,1053,10168,3324
2021-05-25,17,12439,1053,10451,3041
2021-05-26,17,12353,1053,10474,2932
2021-05-27,17,12119,1053,10501,2671
2021-05-28,14,12119,1053,10444,2728
2021-05-29,18,12585,1053,9992,3646
2021-05-30,18,12480,1053,9737,3796
2021-05-31,17,12683,900,10228,3355
2021-06-01,17,12889,900,10226,3563
2021-06-02,17,12889,900,10227,3562
2021-06-03,17,12687,900,10229,3358
2021-06-04,17,12737,900,10185,3452
2021-06-05,18,12785,900,9778,3907
2021-06-06,18,12665,900,9797,3768
2021-06-07,17,12711,900,10283,3328
2021-06-08,17,12236,900,10255,2881
2021-06-09,17,12249,900,10257,2892
2021-06-10,17,12361,900,10289,2972
2021-06-11,14,12310,900,10200,3010
2021-06-12,18,12308,1053,9810,3551
2021-06-13,18,12359,1053,9895,3517
2021-06-14,17,12416,1053,10350,3119
2021-06-15,17,12416,1053,10326,3143
2021-06-16,17,12368,1053,10321,3100
2021-06-17,17,12368,1053,10328,3093
2021-06-18,14,12664,1053,10250,3467
2021-06-19,18,12511,1053,9850,3714
2021-06-20,18,12684,1053,9928,3809
2021-06-21,17,12875,1053,10476,3452
2021-06-22,17,12917,1053,10424,3546
2021-06-23,17,13018,1053,10402,3669
2021-06-24,17,13028,1053,10407,3674
2021-06-25,17,12927,1053,10329,3651
2021-06-26,18,12927,1053,9951,4029
2021-06-27,18,13028,1053,10039,4042
2021-06-28,17,13133,1053,10563,3623
2021-06-29,17,13193,1053,10525,3721
2021-06-30,17,13193,1053,10527,3719
2021-07-01,17,13213,1053,10202,4064
2021-07-02,17,13213,1053,10475,3791
2021-07-03,18,13273,1053,10079,4247
2021-07-04,18,13324,1053,10189,4188
2021-07-05,17,13324,1018,10680,3662
2021-07-06,17,13324,1018,10624,3718
2021-07-07,17,13282,1018,10644,3656
2021-07-08,17,13324,1018,10694,3648
2021-07-09,17,13324,1018,10633,3709
2021-07-10,17,13324,1053,10230,4147
2021-07-11,18,13324,1053,10286,4091
2021-07-12,17,13324,998,10825,3497
2021-07-13,17,13324,998,10790,3532
2021-07-14,17,13276,998,10762,3512
2021-07-15,17,13276,998,10784,3490
2021-07-16,17,13276,998,10689,3585
2021-07-17,17,13249,1053,10268,4034
2021-07-18,18,13249,1053,10325,3977
2021-07-19,17,13249,1103,10823,3529
2021-07-20,17,13249,1103,10819,3533
2021-07-21,17,13297,1103,10857,3543
2021-07-22,17,13249,1103,10870,3482
2021-07-23,17,13249,1103,10787,3565
2021-07-24,17,13249,1053,10332,3970
2021-07-25,18,13249,1053,10387,3915
2021-07-26,17,13249,1103,10915,3437
2021-07-27,17,13249,1103,10889,3463
2021-07-28,17,13249,1103,10888,3464
2021-07-29,17,13297,1103,10874,3526
2021-07-30,17,13297,1103,10794,3606
2021-07-31,17,13297,1053,10355,3995
2021-08-01,18,13297,1053,10358,3992
2021-08-02,17,13297,1053,10511,3839
2021-08-03,17,13349,1103,10810,3642
2021-08-04,17,13207,1103,10842,3468
2021-08-05,17,13207,1103,10878,3432
2021-08-06,17,13207,1103,10784,3526
2021-08-07,17,13207,1053,10338,3922
2021-08-08,18,13207,1053,10324,3936
2021-08-09,17,13122,1103,10876,3349
2021-08-10,17,12816,1103,10807,3112
2021-08-11,17,12816,1103,10778,3141
2021-08-12,17,12762,1103,10801,3064
2021-08-13,17,12627,1053,10699,2981
2021-08-14,17,12722,1053,10304,3471
2021-08-15,18,12749,1053,10303,3499
2021-08-16,17,12749,1103,10818,3034
2021-08-17,17,12749,1103,10778,3074
2021-08-18,17,12749,1103,10797,3055
2021-08-19,17,12749,1103,10762,3090
2021-08-20,17,12749,1053,10688,3114
2021-08-21,17,12749,1053,10262,3540
2021-08-22,18,12749,1053,10282,3520
2021-08-23,17,12884,1103,10777,3210
2021-08-24,17,13190,1053,10697,3546
2021-08-25,17,13130,1053,10688,3495
2021-08-26,17,13250,1053,10680,3623
2021-08-27,17,13197,1053,10616,3634
2021-08-28,17,13197,1053,10188,4062
2021-08-29,18,13197,1053,10188,4062
2021-08-30,17,13197,1053,10642,3608
2021-08-31,17,13094,1053,10583,3564
2021-09-01,17,12902,1053,10552,3403
2021-09-02,17,12987,1053,10553,3487
2021-09-03,17,13090,1053,10462,3681
2021-09-04,17,13090,1053,10021,4122
2021-09-05,18,12944,1053,10033,3964
2021-09-06,17,13038,1053,10186,3905
2021-09-07,17,12744,1053,10449,3348
2021-09-08,17,12744,1053,10434,3363
2021-09-09,17,12794,1053,10434,3413
2021-09-10,17,12599,1053,10338,3314
2021-09-11,17,12087,1053,9934,3206
2021-09-12,21,12186,1053,10018,3221
2021-09-13,17,12010,1053,10439,2624
2021-09-14,17,11880,1053,10421,2512
2021-09-15,17,11880,1053,10426,2507
2021-09-16,17,12087,1053,10425,2715
2021-09-17,17,12094,1053,10308,2839
2021-09-18,17,12290,1053,9924,3419
2021-09-19,21,12290,732,10031,2991
2021-09-20,17,12173,732,10444,2461
2021-09-21,17,12106,732,10412,2426
2021-09-22,17,12151,732,10441,2442
2021-09-23,17,12151,732,10461,2422
2021-09-24,17,12266,732,10382,2616
2021-09-25,17,12383,732,10005,3110
2021-09-26,20,12484,1053,10093,3444
2021-09-27,17,12484,1053,10507,3030
2021-09-28,17,12285,1053,10481,2857
2021-09-29,17,12285,1053,10495,2843
2021-09-30,17,12340,1053,10501,2892
2021-10-01,17,12437,1053,10414,3076
2021-10-02,20,11980,1053,10134,2899
2021-10-03,20,12034,1053,10252,2835
2021-10-04,17,11874,1053,10570,2357
2021-10-05,20,11874,1053,10556,2371
2021-10-06,20,12021,1053,10583,2491
2021-10-07,20,12021,1053,10609,2465
2021-10-08,17,12064,1053,10490,2627
2021-10-09,20,12016,1053,10283,2786
2021-10-10,20,12016,1053,10389,2680
2021-10-11,20,12028,1053,10495,2586
2021-10-12,20,12026,1053,10651,2428
2021-10-13,20,12030,1053,10667,2416
2021-10-14,20,12030,1053,10686,2397
2021-10-15,20,12083,1053,10560,2576
2021-10-16,20,12297,1053,10367,2983
2021-10-17,20,12190,1053,10474,2769
2021-10-18,20,12190,153,10722,1621
2021-10-19,20,12190,153,10702,1641
2021-10-20,20,12190,153,10725,1618
2021-10-21,20,12350,153,10752,1751
2021-10-22,20,12350,153,10625,1878
2021-10-23,20,12195,153,10434,1914
2021-10-24,20,12403,153,10556,2000
2021-10-25,20,12503,153,10825,1831
2021-10-26,20,12903,153,10830,2226
2021-10-27,20,12802,153,10873,2082
2021-10-28,20,12802,153,10924,2031
2021-10-29,19,12802,1103,10842,3063
2021-10-30,19,12802,1053,10669,3186
2021-10-31,19,12903,1103,10772,3234
2021-11-01,19,13209,1103,11051,3261
2021-11-02,19,13209,1103,11054,3258
2021-11-03,19,13209,1103,11083,3229
2021-11-04,19,13209,1103,11125,3187
2021-11-05,19,13209,1103,11059,3253
2021-11-06,19,13672,1103,10903,3872
2021-11-07,18,13772,1103,11029,3846
2021-11-08,18,13672,1103,11477,3298
2021-11-09,18,13672,1103,11469,3306
2021-11-10,18,13672,1103,11489,3286
2021-11-11,18,13672,1103,11282,3493
2021-11-12,18,13672,1103,11377,3398
2021-11-13,18,13672,1103,11118,3657
2021-11-14,18,13772,1103,11185,3690
2021-11-15,18,13671,1103,11549,3225
2021-11-16,18,13671,1103,11526,3248
2021-11-17,18,13671,1103,11563,3211
2021-11-18,18,13671,1103,11583,3191
2021-11-19,18,13826,1103,11498,3431
2021-11-20,18,13826,1103,11245,3684
2021-11-21,18,13927,1103,11329,3701
2021-11-22,18,13927,1103,11717,3313
2021-11-23,18,13927,1103,11678,3352
2021-11-24,18,13927,1103,11672,3358
2021-11-25,18,13927,1103,11698,3332
2021-11-26,18,13927,1103,11620,3410
2021-11-27,18,13927,1103,11348,3682
2021-11-28,18,13927,1103,11404,3626
2021-11-29,18,13927,1103,11792,3238
2021-11-30,18,13927,1103,11776,3254
2021-12-01,18,13970,1103,11789,3284
2021-12-02,18,13970,1103,11832,3241
2021-12-03,18,13970,1103,11742,3331
2021-12-04,18,13970,1103,11476,3597
2021-12-05,18,13970,1103,11548,3525
2021-12-06,18,13970,1103,11936,3137
2021-12-07,18,13970,1103,11939,3134
2021-12-08,18,13970,1103,11926,3147
2021-12-09,18,13970,1103,11922,3151
2021-12-10,18,13970,1103,11821,3252
2021-12-11,18,13970,1103,11549,3524
2021-12-12,18,13970,1103,11627,3446
2021-12-13,18,13970,1103,12024,3049
2021-12-14,18,13970,1103,11981,3092
2021-12-15,18,13970,1103,11986,3087
2021-12-16,18,13970,1103,11975,3098
2021-12-17,18,13970,1103,11860,3213
2021-12-18,18,13970,1103,11604,3469
2021-12-19,18,13970,1103,11651,3422
2021-12-20,18,13970,1103,12038,3035
2021-12-21,18,13970,1103,12021,3052
2021-12-22,18,13970,1103,12018,3055
2021-12-23,18,13970,1103,12003,3070
2021-12-24,18,13970,1103,11599,3474
2021-12-25,18,13970,1103,11055,4018
2021-12-26,18,13970,1103,11112,3961
2021-12-27,18,13970,1103,11983,3090
2021-12-28,18,13970,1103,11974,3099
2021-12-29,18,13970,1103,11970,3103
2021-12-30,18,13970,1103,11981,3092
2021-12-31,18,13970,1103,11867,3206
2022-01-01,18,13934,1103,11217,3820
2022-01-02,18,13934,1103,11730,3307
2022-01-03,18,13934,1103,12116,2921
2022-01-04,18,13934,1103,12069,2968
2022-01-05,18,13934,1103,12063,2974
2022-01-06,18,13934,1103,12046,2991
2022-01-07,18,14035,1103,11946,3192
2022-01-08,18,14035,1103,11692,3446
2022-01-09,18,14035,1103,11751,3387
2022-01-10,18,14035,1103,12122,3016
2022-01-11,18,14035,1103,12069,3069
2022-01-12,18,14035,1103,12036,3102
2022-01-13,18,13988,1103,12040,3051
2022-01-14,18,13988,1103,11957,3134
2022-01-15,18,13593,1103,11640,3056
2022-01-16,18,13593,1103,11688,3008
2022-01-17,18,13545,1103,12021,2627
2022-01-18,18,13545,1103,11954,2694
2022-01-19,18,13545,1103,11939,2709
2022-01-20,18,13545,1103,11905,2743
2022-01-21,18,13545,1103,11784,2864
2022-01-22,18,13545,1103,11502,3146
2022-01-23,18,13545,1103,11551,3097
2022-01-24,18,13545,1103,11923,2725
2022-01-25,18,13545,1103,11885,2763
2022-01-26,18,13545,1103,11864,2784
2022-01-27,18,13545,1103,11843,2805
2022-01-28,18,13545,1103,11733,2915
2022-01-29,19,13545,1103,11518,3130
2022-01-30,19,13545,1103,11572,3076
2022-01-31,19,13545,1103,11852,2796
2022-02-01,19,13545,1103,11773,2875
2022-02-02,19,13545,1103,11738,2910
2022-02-03,19,13545,1103,11731,2917
2022-02-04,19,13545,1103,11618,3030
2022-02-05,19,13545,1103,11413,3235
2022-02-06,19,13545,1103,11483,3165
2022-02-07,19,13545,1103,11755,2893
2022-02-08,19,13545,1103,11723,2925
2022-02-09,19,13545,1103,11738,2910
2022-02-10,19,13545,1103,11736,2912
2022-02-11,19,13545,1103,11601,3047
2022-02-12,19,13545,1103,11402,3246
2022-02-13,19,13545,1103,11501,3147
2022-02-14,19,13545,1103,11778,2870
2022-02-15,19,13593,1103,11709,2987
2022-02-16,19,13593,1103,11725,2971
2022-02-17,19,13593,1103,11721,2975
2022-02-18,19,13593,1103,11559,3137
2022-02-19,19,13593,1103,11351,3345
2022-02-20,19,13593,1103,11402,3294
2022-02-21,19,13593,1103,11487,3209
2022-02-22,19,13593,1103,11599,3097
2022-02-23,19,13593,1103,11599,3097
2022-02-24,19,13593,1103,11599,3097
2022-02-25,19,13536,1103,11454,3185
2022-02-26,19,13931,1103,11256,3778
2022-02-27,20,13988,1103,11305,3786
2022-02-28,19,13988,1103,11554,3537
2022-03-01,20,13988,1103,11467,3624
2022-03-02,20,13988,1103,11446,3645
2022-03-03,20,14035,1103,11446,3692
2022-03-04,20,13920,1103,11298,3725
2022-03-05,20,13920,1103,11120,3903
2022-03-06,20,13920,1103,11201,3822
2022-03-07,20,13920,1103,11402,3621
2022-03-08,20,13856,1103,11358,3601
2022-03-09,20,13856,1103,11333,3626
2022-03-10,20,13856,1103,11322,3637
2022-03-11,11,13856,1103,11189,3770
2022-03-12,20,13856,1103,10981,3978
2022-03-13,21,13856,1103,10916,4043
2022-03-14,17,13856,1103,11220,3739
2022-03-15,17,13856,1103,11186,3773
2022-03-16,17,13856,1103,11176,3783
2022-03-17,17,13856,1103,11163,3796
2022-03-18,11,13856,1103,11133,3826
2022-03-19,21,13456,1103,10783,3776
2022-03-20,21,13456,1103,10883,3676
2022-03-21,17,13456,1103,11151,3408
2022-03-22,17,13456,1103,11101,3458
2022-03-23,17,13456,1103,11076,3483
2022-03-24,17,13456,1103,11056,3503
2022-03-25,11,13387,1103,11024,3466
2022-03-26,21,13387,1053,10656,3784
2022-03-27,21,13444,1103,10719,3828
2022-03-28,17,13456,1103,10975,3584
2022-03-29,17,13456,1103,10902,3657
2022-03-30,17,13456,1103,10859,3700
2022-03-31,17,13456,1103,10845,3714
2022-04-01,11,13456,1103,10793,3766
2022-04-02,21,13136,1053,10382,3807
2022-04-03,21,13136,1053,10445,3744
2022-04-04,17,13136,1103,10759,3480
2022-04-05,17,13136,1053,10691,3498
2022-04-06,17,13136,1053,10661,3528
2022-04-07,17,13136,1053,10646,3543
2022-04-08,11,13136,1053,10598,3591
2022-04-09,18,13246,1053,10185,4114
2022-04-10,18,13246,1053,10226,4073
2022-04-11,17,13191,1053,10622,3622
2022-04-12,17,13061,1053,10570,3544
2022-04-13,17,13516,1053,10558,4011
2022-04-14,17,13516,1053,10559,4010
2022-04-15,17,13516,1053,10195,4374
2022-04-16,18,13516,1053,10111,4458
2022-04-17,18,13516,1053,10152,4417
2022-04-18,18,13461,1053,10295,4219
2022-04-19,17,13461,1053,10526,3988
2022-04-20,17,13516,1053,10514,4055
2022-04-21,17,13516,1053,10510,4059
2022-04-22,12,13516,1053,10458,4111
2022-04-23,18,13516,1053,10026,4543
2022-04-24,18,13050,1053,10059,4044
2022-04-25,17,13005,1053,10481,3577
2022-04-26,17,12821,1053,10424,3450
2022-04-27,17,12725,1053,10404,3374
2022-04-28,17,12855,1053,10389,3519
2022-04-29,12,13001,1053,10338,3716
2022-04-30,18,13001,1053,9898,4156
2022-05-01,18,12958,1053,9899,4112
2022-05-02,17,12858,1053,10331,3580
2022-05-03,17,12858,1053,10160,3751
2022-05-04,17,12858,1053,10246,3665
2022-05-05,17,12810,1053,10236,3627
2022-05-06,12,12810,1053,10179,3684
2022-05-07,18,12810,1053,9737,4126
2022-05-08,18,12810,1053,9776,4087
2022-05-09,17,12910,1053,10218,3745
2022-05-10,17,12910,1053,10167,3796
2022-05-11,17,12910,1053,10161,3802
2022-05-12,17,12977,1053,10174,3856
2022-05-13,12,12977,1053,10110,3920
2022-05-14,18,12945,1053,9702,4296
2022-05-15,18,12897,1053,9752,4198
2022-05-16,17,12852,1053,10223,3682
2022-05-17,17,12852,1053,10191,3714
2022-05-18,17,12732,1053,10169,3616
2022-05-19,17,12792,1053,10166,3679
2022-05-20,12,12792,1053,10115,3730
2022-05-21,18,12696,1053,9699,4050
2022-05-22,18,12696,1053,9769,3980
2022-05-23,18,12792,1053,9924,3921
2022-05-24,17,12742,1053,10218,3577
2022-05-25,17,12742,1053,10231,3564
2022-05-26,17,12742,1053,10242,3553
2022-05-27,14,13208,1053,10189,4072
2022-05-28,18,13208,1053,9785,4476
2022-05-29,18,13208,1053,9855,4406
2022-05-30,17,13306,1053,10351,4008
2022-05-31,17,13423,1053,10332,4144
2022-06-01,17,13423,1053,10367,4109
2022-06-02,17,13266,1053,10379,3940
2022-06-03,14,13322,1053,10295,4080
2022-06-04,18,13247,1053,9918,4382
2022-06-05,18,13247,1053,9982,4318
2022-06-06,17,13247,1053,10419,3881
2022-06-07,17,13197,1053,10394,3856
2022-06-08,17,13256,1053,10404,3905
2022-06-09,17,13350,1053,10416,3987
2022-06-10,14,13350,1053,10365,4038
2022-06-11,18,13451,1053,9940,4564
2022-06-12,18,13451,1053,10020,4484
2022-06-13,17,13527,1053,10536,4044
2022-06-14,17,13527,1053,10466,4114
2022-06-15,17,13527,1053,10480,4100
2022-06-16,17,13527,1053,10484,4096
2022-06-17,14,13527,1053,10406,4174
2022-06-18,18,13527,1053,9992,4588
2022-06-19,18,13527,1053,10063,4517
2022-06-20,17,13527,1053,10575,4005
2022-06-21,17,13527,1053,10595,3985
2022-06-22,17,13527,1053,10581,3999
2022-06-23,17,13527,1053,10568,4012
2022-06-24,14,13527,1053,10483,4097
2022-06-25,18,13927,1053,10072,4908
2022-06-26,18,13927,1053,10167,4813
2022-06-27,17,13927,1053,10694,4286
2022-06-28,17,13927,1053,10684,4296
2022-06-29,17,13927,1053,10683,4297
2022-06-30,17,13927,1053,10695,4285
2022-07-01,17,13927,1053,10279,4701
2022-07-02,18,13927,1053,10213,4767
2022-07-03,18,13987,1053,10297,4743
2022-07-04,17,13987,1103,10852,4238
2022-07-05,17,13987,1103,10803,4287
2022-07-06,17,13987,1103,10784,4306
2022-07-07,17,13987,1103,10813,4277
2022-07-08,17,13987,1103,10772,4318
2022-07-09,17,13987,1053,10367,4673
2022-07-10,18,13987,1053,10445,4595
2022-07-11,17,13987,1103,10952,4138
2022-07-12,17,13939,1103,10950,4092
2022-07-13,17,13897,1103,10951,4049
2022-07-14,17,13987,1103,10932,4158
2022-07-15,17,13900,1103,10863,4140
2022-07-16,17,13900,1053,10424,4529
2022-07-17,18,13900,1053,10480,4473
2022-07-18,17,13900,1103,10996,4007
2022-07-19,17,13900,1103,10947,4056
2022-07-20,17,13900,1103,10980,4023
2022-07-21,17,13900,1103,11028,3975
2022-07-22,17,13900,1103,10949,4054
2022-07-23,17,13900,1053,10520,4433
2022-07-24,18,13900,1053,10538,4415
2022-07-25,17,13900,1103,11068,3935
2022-07-26,17,13900,1103,11040,3963
2022-07-27,17,13900,1103,11050,3953
2022-07-28,17,13900,1103,11059,3944
2022-07-29,17,13900,1103,10953,4050
2022-07-30,17,13900,1053,10527,4426
2022-07-31,18,13900,1053,10556,4397
2022-08-01,17,13900,1053,10693,4260
2022-08-02,17,13853,1103,10984,3972
2022-08-03,17,13853,1103,10972,3984
2022-08-04,17,13900,1103,11013,3990
2022-08-05,17,13987,1103,10958,4132
2022-08-06,17,13987,1053,10517,4523
2022-08-07,18,13987,1053,10536,4504
2022-08-08,17,13987,1103,11006,4084
2022-08-09,17,13987,1103,11002,4088
2022-08-10,17,13987,1103,10969,4121
2022-08-11,17,13987,1103,10949,4141
2022-08-12,17,13987,1103,10881,4209
2022-08-13,17,13987,1053,10440,4600
2022-08-14,18,13987,1053,10502,4538
2022-08-15,17,13987,1103,10980,4110
2022-08-16,17,13987,1103,10943,4147
2022-08-17,17,13987,1103,10940,4150
2022-08-18,17,13987,1103,10969,4121
2022-08-19,17,13987,1103,10842,4248
2022-08-20,17,13987,1053,10431,4609
2022-08-21,18,13987,1053,10458,4582
2022-08-22,17,13987,1103,10962,4128
2022-08-23,17,13987,1103,10903,4187
2022-08-24,17,13867,1103,10860,4110
2022-08-25,17,13987,1103,10859,4231
2022-08-26,17,13987,1103,10761,4329
2022-08-27,17,13987,1053,10364,4676
2022-08-28,18,13987,1053,10381,4659
2022-08-29,17,13987,1103,10864,4226
2022-08-30,17,13987,1103,10768,4322
2022-08-31,17,13808,1103,10746,4165
2022-09-01,17,13808,1103,10723,4188
2022-09-02,17,13924,1053,10633,4344
2022-09-03,17,13924,1053,10220,4757
2022-09-04,18,13924,1053,10217,4760
2022-09-05,17,13924,1053,10375,4602
2022-09-06,17,13924,1053,10625,4352
2022-09-07,17,13924,1053,10612,4365
2022-09-08,17,13823,1053,10605,4271
2022-09-09,17,13823,1053,10514,4362
2022-09-10,17,13823,1053,10110,4766
2022-09-11,21,13823,1053,10180,4696
2022-09-12,17,13706,1053,10610,4149
2022-09-13,17,13521,1053,10565,4009
2022-09-14,17,13468,1053,10583,3938
2022-09-15,17,13523,1053,10597,3979
2022-09-16,17,13624,1053,10505,4172
2022-09-17,17,13871,1053,10082,4842
2022-09-18,21,13871,1053,10186,4738
2022-09-19,17,13709,1053,10610,4152
2022-09-20,17,13709,1053,10570,4192
2022-09-21,17,13699,1053,10574,4178
2022-09-22,17,13699,1053,10613,4139
2022-09-23,17,13754,1053,10541,4266
2022-09-24,17,13871,1053,10157,4767
2022-09-25,21,13871,1053,10247,4677
2022-09-26,17,13924,1053,10672,4305
2022-09-27,17,13924,1053,10633,4344
2022-09-28,17,13924,1053,10643,4334
2022-09-29,17,13924,1053,10667,4310
2022-09-30,17,13924,1053,10581,4396
2022-10-01,20,13924,1053,10273,4704
2022-10-02,20,13876,1053,10394,4535
2022-10-03,17,13876,1103,10726,4253
2022-10-04,20,13821,1053,10699,4175
2022-10-05,20,13783,1103,10725,4161
2022-10-06,20,13783,1103,10755,4131
2022-10-07,17,13557,1053,10647,3963
2022-10-08,20,13509,1053,10434,4128
2022-10-09,20,13509,1053,10543,4019
2022-10-10,20,13569,1053,10643,3979
2022-10-11,20,13662,1103,10807,3958
2022-10-12,20,13662,1103,10820,3945
2022-10-13,20,13662,1103,10839,3926
2022-10-14,17,13662,1053,10710,4005
2022-10-15,20,13662,1053,10525,4190
2022-10-16,20,13454,1053,10626,3881
2022-10-17,20,13502,1103,10891,3714
2022-10-18,20,13502,1103,10859,3746
2022-10-19,20,13502,1103,10871,3734
2022-10-20,20,13502,1103,10897,3708
2022-10-21,20,13502,1103,10776,3829
2022-10-22,20,13502,1053,10592,3963
2022-10-23,20,13710,1053,10694,4069
2022-10-24,20,13710,1103,10973,3840
2022-10-25,20,13710,1103,10963,3850
2022-10-26,20,13710,1103,10999,3814
2022-10-27,20,13924,1103,11045,3982
2022-10-28,19,13924,1103,10962,4065
2022-10-29,19,13924,1103,10811,4216
2022-10-30,19,13924,1103,10907,4120
2022-10-31,19,13924,1103,11210,3817
2022-11-01,19,13924,1103,11183,3844
2022-11-02,19,13924,1103,11219,3808
2022-11-03,19,13823,1103,11254,3672
2022-11-04,19,13823,1103,11169,3757
2022-11-05,19,13823,1103,11027,3899
2022-11-06,18,13823,1103,11166,3760
2022-11-07,18,13823,1103,11618,3308
2022-11-08,18,13924,1103,11602,3425
2022-11-09,18,13924,1103,11632,3395
2022-11-10,18,13924,1103,11652,3375
2022-11-11,18,13924,1103,11338,3689
2022-11-12,18,13924,1103,11279,3748
2022-11-13,18,13924,1103,11339,3688
2022-11-14,18,13924,1103,11717,3310
2022-11-15,18,13924,1103,11564,3463
2022-11-16,18,13924,1103,11689,3338
2022-11-17,18,13924,1103,11726,3301
2022-11-18,18,13924,1103,11640,3387
2022-11-19,18,13924,1103,11397,3630
2022-11-20,18,13924,1103,11466,3561
2022-11-21,18,13924,1103,11862,3165
2022-11-22,18,13924,1103,11842,3185
2022-11-23,18,13924,1103,11842,3185
2022-11-24,18,13928,1103,11835,3196
2022-11-25,18,13928,1103,11755,3276
2022-11-26,18,13928,1103,11516,3515
2022-11-27,18,13928,1103,11568,3463
2022-11-28,18,13928,1103,11941,3090
2022-11-29,18,13928,1103,11917,3114
2022-11-30,18,13928,1103,11939,3092
2022-12-01,18,13983,1103,11952,3134
2022-12-02,18,13983,1103,11888,3198
2022-12-03,18,13983,1103,11636,3450
2022-12-04,18,13983,1103,11697,3389
2022-12-05,18,13983,1103,12087,2999
2022-12-06,18,13933,1103,12061,2975
2022-12-07,18,13983,1103,12103,2983
2022-12-08,18,13983,1103,12089,2997
2022-12-09,18,13983,1103,11978,3108
2022-12-10,18,13988,1103,11712,3379
2022-12-11,18,13988,1103,11770,3321
2022-12-12,18,13988,1103,12168,2923
2022-12-13,18,14035,1103,12149,2989
2022-12-14,18,14035,1103,12145,2993
2022-12-15,18,14035,1103,12149,2989
2022-12-16,18,14035,1103,12031,3107
2022-12-17,18,14035,1103,11750,3388
2022-12-18,18,14035,1103,11825,3313
2022-12-19,18,14035,1103,12193,2945
2022-12-20,18,14035,1103,12163,2975
2022-12-21,18,14035,1103,12184,2954
2022-12-22,18,14035,1103,12181,2957
2022-12-23,18,14035,1103,12059,3079
2022-12-24,18,14035,1103,11251,3887
2022-12-25,18,14035,1103,11276,3862
2022-12-26,18,14035,1103,11893,3245
2022-12-27,18,14035,1103,12108,3030
2022-12-28,18,14035,1103,12137,3001
2022-12-29,18,14035,1103,12133,3005
2022-12-30,18,14035,1103,12037,3101
2022-12-31,18,14035,1103,11760,3378
2023-01-01,18,14035,1103,11465,3673
2023-01-02,18,14290,1103,12298,3095
2023-01-03,18,14290,1103,12268,3125
2023-01-04,18,14290,1103,12260,3133
2023-01-05,18,14290,1103,12253,3140
2023-01-06,18,14290,1103,12131,3262
2023-01-07,18,14290,1103,11869,3524
2023-01-08,18,14290,1103,11941,3452
2023-01-09,18,14290,1103,12314,3079
2023-01-10,18,14290,1103,12274,3119
2023-01-11,18,14290,1103,12261,3132
2023-01-12,18,14290,1103,12226,3167
2023-01-13,18,14290,1103,12124,3269
2023-01-14,18,14290,1103,11882,3511
2023-01-15,18,14290,1103,11888,3505
2023-01-16,18,14290,1103,12251,3142
2023-01-17,18,14290,1103,12173,3220
2023-01-18,18,14290,1103,12145,3248
2023-01-19,18,14290,1103,12130,3263
2023-01-20,18,14290,1103,11989,3404
2023-01-21,18,14290,1103,11710,3683
2023-01-22,18,14290,1103,11751,3642
2023-01-23,18,14290,1103,12110,3283
2023-01-24,18,14290,1103,12075,3318
2023-01-25,18,14290,1103,12077,3316
2023-01-26,18,14290,1103,12055,3338
2023-01-27,18,14290,1103,11927,3466
2023-01-28,19,14290,1103,11714,3679
2023-01-29,19,14290,1103,11783,3610
2023-01-30,18,14290,1103,12036,3357
2023-01-31,19,14290,1103,12011,3382
2023-02-01,19,14290,1103,11965,3428
2023-02-02,19,14290,1103,11936,3457
2023-02-03,19,14290,1103,11803,3590
2023-02-04,19,14290,1103,11616,3777
2023-02-05,19,14290,1103,11678,3715
2023-02-06,19,14290,1103,11944,3449
2023-02-07,19,14290,1103,11914,3479
2023-02-08,19,14290,1103,11915,3478
2023-02-09,19,14290,1103,11937,3456
2023-02-10,19,14290,1103,11808,3585
2023-02-11,19,14290,1103,11602,3791
2023-02-12,19,14290,1103,11666,3727
2023-02-13,19,14290,1103,11959,3434
2023-02-14,19,14290,1103,11937,3456
2023-02-15,19,14290,1103,11901,3492
2023-02-16,19,14290,1103,11923,3470
2023-02-17,19,14290,1103,11792,3601
2023-02-18,19,14290,1103,11563,3830
2023-02-19,19,14290,1103,11616,3777
2023-02-20,19,14290,1103,11701,3692
2023-02-21,19,14290,1103,11803,3590
2023-02-22,19,14290,1103,11791,3602
2023-02-23,19,14290,1103,11798,3595
2023-02-24,19,14290,1103,11671,3722
2023-02-25,19,14290,1103,11461,3932
2023-02-26,19,14290,1103,11520,3873
2023-02-27,19,14290,1103,11750,3643
2023-02-28,19,14290,1103,11713,3680
2023-03-01,20,13860,1103,11663,3300
2023-03-02,20,13860,1103,11645,3318
2023-03-03,11,13860,1103,11502,3461
2023-03-04,20,13860,1103,11315,3648
2023-03-05,20,13860,1103,11407,3556
2023-03-06,20,13860,1103,11622,3341
2023-03-07,20,13860,1103,11567,3396
2023-03-08,20,13860,1103,11554,3409
2023-03-09,20,13860,1103,11532,3431
2023-03-10,11,13860,1103,11391,3572
2023-03-11,20,13860,1103,11194,3769
2023-03-12,21,13860,1103,11102,3861
2023-03-13,17,13860,1103,11418,3545
2023-03-14,17,13860,1103,11373,3590
2023-03-15,17,13860,1103,11376,3587
2023-03-16,17,13860,1103,11376,3587
2023-03-17,11,13860,1103,11350,3613
2023-03-18,21,13940,1103,10989,4054
2023-03-19,21,13940,1103,11075,3968
2023-03-20,17,13885,1103,11352,3636
2023-03-21,17,13885,1103,11305,3683
2023-03-22,17,14222,1103,11291,4034
2023-03-23,17,14267,1103,11276,4094
2023-03-24,11,14322,1103,11250,4175
2023-03-25,21,14310,1103,10876,4537
2023-03-26,21,14310,1103,10948,4465
2023-03-27,17,14322,1103,11200,4225
2023-03-28,17,14257,1103,11128,4232
2023-03-29,17,14257,1103,11092,4268
2023-03-30,17,14322,1103,11058,4367
2023-03-31,11,14322,1103,11027,4398
2023-04-01,21,14192,1053,10591,4654
2023-04-02,21,14192,1053,10674,4571
2023-04-03,17,14192,1103,10984,4311
2023-04-04,17,14192,1103,10912,4383
2023-04-05,17,14192,1103,10880,4415
2023-04-06,17,14192,1103,10860,4435
2023-04-07,17,14192,1053,10486,4759
2023-04-08,18,14192,1053,10385,4860
2023-04-09,18,14192,1053,10433,4812
2023-04-10,18,14192,1053,10565,4680
2023-04-11,17,14137,1103,10776,4464
2023-04-12,17,14137,1103,10760,4480
2023-04-13,17,14192,1103,10758,4537
2023-04-14,12,14192,1103,10734,4561
2023-04-15,18,14192,1053,10314,4931
2023-04-16,18,14192,1053,10359,4886
2023-04-17,17,14192,1103,10774,4521
2023-04-18,17,14147,1103,10730,4520
2023-04-19,17,14147,1103,10716,4534
2023-04-20,17,14192,1103,10713,4582
2023-04-21,12,14192,1053,10662,4583
2023-04-22,18,14192,1053,10234,5011
2023-04-23,18,14192,1053,10275,4970
2023-04-24,17,14192,1053,10698,4547
2023-04-25,17,14147,1053,10641,4559
2023-04-26,17,14147,1053,10620,4580
2023-04-27,17,14192,1053,10609,4636
2023-04-28,12,14192,1053,10562,4683
2023-04-29,18,14197,1053,10115,5135
